ID,Review
6tehbc,dank
8bse8k,dank
6we7gp,dank
7qbcqw,dank
7szw80,dank
7nxaqq,dank
7ep89z,dank
7vbgih,dank
6c13dg,dank
74fa93,dank
6k7x2y,dank
7jti9y,dank
7suu6t,dank
748b0k,dank
7erm8n,dank
70iv5x,dank
7cfedi,dank
6xvwtf,dank
6b3pmb,dank
8aht8g,dank
7siwn1,dank
72zah1,dank
6cnxlz,dank
7uhx5v,dank
864qpz,dank
7cn0vu,dank
6p3mye,dank
7f16s9,dank
75v1x2,dank
73sdml,dank
6vyd0q,dank
7wlsay,dank
6ofhyd,dank
7qrkwo,dank
89e9j0,dank
7ojqjm,dank
6y67ml,dank
82yhpi,dank
7k130x,dank
7oe04z,dank
6m0uwa,dank
7trwdg,dank
83w5j1,dank
6zuxuq,dank
87qycb,dank
7ekia2,dank
6qb7el,dank
7bdel6,dank
7w6kkr,dank
7cv1s3,dank
7qz0zf,dank
6oypom,dank
73yp8c,dank
74n3el,dank
689dii,dank
7vxydo,dank
74zxfk,dank
7zm6u8,dank
7mubd2,dank
84b0eb,dank
6xdm0y,dank
6gyfvu,dank
80qdkj,dank
6lcnf5,dank
6qtqaj,dank
76q5dn,dank
79osnv,dank
86zwky,dank
84cuon,dank
7yi0j4,dank
6wbyu3,dank
6iocfb,dank
78xc2q,dank
85kqsu,dank
64bvdp,dank
7d5rie,dank
7rdv95,dank
7bspr3,dank
77p1g3,dank
7j1f7j,dank
8a8k9o,dank
7zp2ao,dank
7mgvpu,dank
860mv0,dank
7pf9v8,dank
6s67yv,dank
6ksopq,dank
8c6f3b,dank
81ozi4,dank
8bou97,dank
7q7qxv,dank
7n83ln,dank
78hku7,dank
7s7ig0,dank
84hcsc,dank
7l43aa,dank
7f62cg,dank
7vflh6,dank
79tx0i,dank
8bhjkp,dank
65jrh4,dank
7x61cu,dank
6kngvy,dank
75gsh4,dank
79581u,dank
61f7gj,dank
6s1yh6,dank
6hnd60,dank
86ra8o,dank
61kwxw,dank
7vu9vx,dank
7r9vd5,dank
80bpyc,dank
7o154m,dank
7ynn8p,dank
89zfnu,dank
7lxm6a,dank
7clriw,dank
7ppnh6,dank
7jr7wl,dank
8axia9,dank
6xzk1w,dank
888smn,dank
8aaqdw,dank
75wzne,dank
86ug9d,dank
7bhy36,dank
70yvtc,dank
838k8s,dank
7idjk6,dank
6t8d97,dank
5ymlq0,dank
5c0v6z,dank
72aquz,dank
84qm0d,dank
871ith,dank
7uwxmc,dank
7aizp1,dank
7nobgm,dank
791wef,dank
6v50p6,dank
87zt2n,dank
68me7o,dank
6epvnq,dank
6hu0n4,dank
6wi37k,dank
694o6h,dank
8bxzzd,dank
763jwv,dank
6ttv7t,dank
61beyg,dank
751g7p,dank
7ua9xz,dank
6j884i,dank
6vwlm9,dank
7a2isq,dank
85hluq,dank
6k4u8e,dank
6jo49m,dank
7s5bvl,dank
7oaoik,dank
7oqc27,dank
820n9o,dank
78586f,dank
7rt3gk,dank
86gxq7,dank
7kjhc5,dank
7v3696,dank
80d015,dank
7ry1nn,dank
6wto4y,dank
7xavc0,dank
7w3wcr,dank
7hguc9,dank
7on3ac,dank
701qav,dank
6if78k,dank
7guj73,dank
6jlf3y,dank
7jerr7,dank
7u44t7,dank
7wtsxz,dank
7yuxeb,dank
74u3dj,dank
7xr3dv,dank
6w6so6,dank
72s2zf,dank
80wlnn,dank
6zqzml,dank
6etmdv,dank
7jybso,dank
7fva4p,dank
7nfq8j,dank
7yli4c,dank
7ktfew,dank
7y6elg,dank
83ebnr,dank
84k7zf,dank
8b7bjx,dank
7za17j,dank
6x42j9,dank
7vmuz7,dank
7y2icd,dank
7rm17f,dank
7m8sof,dank
78so15,dank
73hejk,dank
721q6q,dank
7c30cm,dank
7v624o,dank
7senud,dank
82m3m3,dank
70mheu,dank
5wgd96,dank
6d52ri,dank
7px0on,dank
86ck8w,dank
6ml1a6,dank
72bkr5,dank
70oi62,dank
7cptyb,dank
7b8ec6,dank
60sn7y,dank
6vkhe3,dank
86k7d8,dank
7li1f4,dank
81f7ya,dank
6isox5,dank
7i85e0,dank
6e6exe,dank
7tiah4,dank
8bl5r9,dank
881bt7,dank
7zgveh,dank
8bfhyy,dank
6u9bh1,dank
7m3ou9,dank
799vyr,dank
6rywed,dank
85b55s,dank
71nusf,dank
7car3z,dank
7k66ah,dank
86a9rb,dank
7fgmsk,dank
7nlq1z,dank
83h7cr,dank
766tm6,dank
6f492x,dank
7pngnm,dank
7kl6ng,dank
8b9ycr,dank
82hxeo,dank
6prl7d,dank
81rscv,dank
72eue8,dank
7dxzqm,dank
780ou2,dank
72jsri,dank
6ok7mv,dank
7dkfat,dank
5ldq4t,dank
86x5jb,dank
6lf3u6,dank
7t6xqh,dank
6lr29e,dank
70bcaf,dank
7joubl,dank
7v765s,dank
7ed39f,dank
5blhtv,dank
6g5opt,dank
7aajfl,dank
84469p,dank
64n0r5,dank
81utns,dank
78pgdv,dank
76j1ri,dank
6dprzc,dank
69y17i,dank
89uh7j,dank
6kwi05,dank
74hnzc,dank
7ar2wq,dank
7cid5a,dank
6dxwgd,dank
64pzpi,dank
71s6g5,dank
6yohh7,dank
74oqfs,dank
5ulg0p,dank
7r0rgu,dank
6u152p,dank
6vqf9g,dank
89pmp1,dank
85uehm,dank
7qhl2b,dank
7oxqg1,dank
77n2kc,dank
7o2odz,dank
8b1lp5,dank
7x0kju,dank
60uded,dank
6n3o72,dank
5xh2j6,dank
6znrfs,dank
84280i,dank
89na6d,dank
71qfmc,dank
6m810b,dank
74l85v,dank
7uq2ac,dank
79y4p0,dank
6i6mlb,dank
7ev9nh,dank
7f7v6y,dank
6es5y1,dank
7iydag,dank
7nun79,dank
7gcww9,dank
7h4t8r,dank
82pqn9,dank
6gha21,dank
6ljzir,dank
8bw58q,dank
6kcy8s,dank
7lk4y3,dank
84wwcx,dank
7bno60,dank
8aqcnp,dank
7son75,dank
86muac,dank
63hr7f,dank
5z4kzq,dank
6xslte,dank
7ws6ou,dank
6z2jdl,dank
82dufx,dank
7zwihl,dank
7598d0,dank
7hb8bv,dank
7ig1xw,dank
6nspy2,dank
6110zu,dank
6wq5cz,dank
73cufe,dank
7lfdip,dank
6upnmr,dank
6xhrsg,dank
6ltb44,dank
7r6fwd,dank
6zefas,dank
6rrmd3,dank
7wcnzz,dank
7hndap,dank
710rq3,dank
77blnq,dank
71x43t,dank
7lv9rh,dank
6maf6w,dank
73m2dn,dank
7jb6ra,dank
7d32j7,dank
6n5cob,dank
6dgjn7,dank
7p02i4,dank
6g10x5,dank
851dx4,dank
7ds72n,dank
7xbob9,dank
69n5j9,dank
6m5k0o,dank
7j3gm6,dank
75n9k9,dank
8b4wjx,dank
708wf7,dank
7mqf0a,dank
7tcity,dank
7v8azb,dank
6ts65s,dank
6uw4h3,dank
845dzi,dank
7e01yd,dank
70pfc9,dank
66ghjz,dank
76zs8f,dank
6fnyl9,dank
7fag9s,dank
7ls5if,dank
7tp55f,dank
7g31hl,dank
6qj1t2,dank
6lagsf,dank
85s4xg,dank
824or0,dank
7fjkmu,dank
5x7lxv,dank
6l2am6,dank
7hkf88,dank
7adfwe,dank
6yeutt,dank
6o854h,dank
89jhg9,dank
7xj7zw,dank
7fue75,dank
6jrqvz,dank
6k0tuw,dank
6a6t1t,dank
84u2i4,dank
8ajuo9,dank
7vdxgj,dank
5bycmm,dank
7fs1gt,dank
673hgr,dank
87talx,dank
7mxd8x,dank
724s3l,dank
7gmr2n,dank
813w5f,dank
7x3j6b,dank
5qgr23,dank
8alael,dank
6ednbc,dank
7coair,not dank
6ijnh3,not dank
7hwup6,not dank
6vc7hm,not dank
63d1n0,not dank
6ukb26,not dank
7xfwaj,not dank
76suyn,not dank
5btgto,not dank
7zxxkq,not dank
7feyjq,not dank
7uf1ct,not dank
6z62bx,not dank
6jfvj2,not dank
6f6rdl,not dank
6tghx3,not dank
7qf51x,not dank
681sxi,not dank
6uaaig,not dank
6bnhqf,not dank
7nbmg0,not dank
6atibq,not dank
76bgtf,not dank
79g2lm,not dank
7wfp3a,not dank
677ru0,not dank
73ky6u,not dank
88hu7n,not dank
5zb2yw,not dank
6sslva,not dank
798vdy,not dank
757bqz,not dank
7h2egc,not dank
6ci259,not dank
636ufe,not dank
87hf1m,not dank
6nhsq7,not dank
81xuqy,not dank
7imloe,not dank
7xh5sk,not dank
73vfo2,not dank
8a2nwz,not dank
6iwsrt,not dank
63doy2,not dank
6lv2nn,not dank
88dca0,not dank
7n4rku,not dank
7g3pxf,not dank
6ajgjc,not dank
6d176q,not dank
7wyl25,not dank
83u7r2,not dank
71clvt,not dank
7itok4,not dank
6hzhr7,not dank
5mhmjs,not dank
81685z,not dank
708b5t,not dank
7smdxf,not dank
7ttco8,not dank
6usbpx,not dank
6x7n8y,not dank
6i535n,not dank
87nhp9,not dank
7de519,not dank
6ha3wj,not dank
70go50,not dank
716ius,not dank
6efw3m,not dank
7io1hk,not dank
6pbrwn,not dank
85omnh,not dank
8070t1,not dank
8ana5p,not dank
6ykn7w,not dank
64xo1a,not dank
82w2py,not dank
7p7rv5,not dank
7hrfkb,not dank
7ber0v,not dank
6889ww,not dank
7xxv3g,not dank
6lfv3e,not dank
7rilwk,not dank
86shbs,not dank
777p0b,not dank
7e86rk,not dank
60372a,not dank
62dkau,not dank
6fifua,not dank
8agfs9,not dank
8c3oy0,not dank
878c85,not dank
6kflib,not dank
6ss6j4,not dank
5y22w0,not dank
6t31n1,not dank
6izwgb,not dank
840hbv,not dank
6ywan1,not dank
7duoem,not dank
7jznlv,not dank
70r8o8,not dank
78b7ee,not dank
80suna,not dank
83tato,not dank
6mn7z3,not dank
7kvxa0,not dank
69cvux,not dank
8av4gy,not dank
75a48i,not dank
7d1gp6,not dank
5zpmx8,not dank
6ru09s,not dank
7n0876,not dank
6ca8c2,not dank
85xpmy,not dank
87ez2n,not dank
84847q,not dank
7jj5s0,not dank
7mmsi7,not dank
7r3sk0,not dank
71kcps,not dank
89z0mi,not dank
6naz23,not dank
79msix,not dank
7tkc9n,not dank
6jb6yp,not dank
7w8pog,not dank
6qx24u,not dank
5uvd71,not dank
7xs3ce,not dank
6rohwp,not dank
83j56y,not dank
858xap,not dank
7db9e6,not dank
6sla0d,not dank
7u02wz,not dank
6i1vmg,not dank
6z9rhr,not dank
6g7zy4,not dank
6tbfhi,not dank
6yhzfa,not dank
7yqr9s,not dank
719s0i,not dank
6lkvxg,not dank
82ezfq,not dank
7nrv7c,not dank
6p7at8,not dank
85r3r8,not dank
6gv6iq,not dank
7iljon,not dank
84yt2z,not dank
5rlcs1,not dank
7la0g2,not dank
6n10qg,not dank
7heqcp,not dank
5zyeln,not dank
6bwfd4,not dank
6c3hgz,not dank
68tnfi,not dank
6tnp32,not dank
6npez3,not dank
62cggt,not dank
89c6vn,not dank
7ulege,not dank
6glf08,not dank
6zjcpo,not dank
6jjs76,not dank
6xkilx,not dank
6jzqbt,not dank
85igm2,not dank
5ue0ff,not dank
7ghicf,not dank
6jdp8f,not dank
6ebhfx,not dank
76dc4q,not dank
7qj7wo,not dank
7l8pxp,not dank
83blya,not dank
7gl3uw,not dank
7h8t8p,not dank
8aztiw,not dank
7urxui,not dank
5k2poz,not dank
6ybalg,not dank
88ha85,not dank
6ejh59,not dank
84mzmd,not dank
6j8mcb,not dank
8c5slz,not dank
7ovxmx,not dank
6ipop0,not dank
737x1q,not dank
7hce9u,not dank
5oqqyc,not dank
6901p4,not dank
6uz1ff,not dank
5mwqbb,not dank
7n9j3b,not dank
80ky83,not dank
6wa8vh,not dank
83lnqw,not dank
88ypdx,not dank
5w66yx,not dank
78navv,not dank
69qsw7,not dank
7uzqxc,not dank
7nhmcm,not dank
7zdswk,not dank
68kqbj,not dank
7hpdi9,not dank
6aa0bf,not dank
89g8x9,not dank
6xf03i,not dank
8a6p2i,not dank
7b5419,not dank
7g6u1o,not dank
6pfrsw,not dank
5ptqdf,not dank
72pqhv,not dank
7ygauq,not dank
7vjh7h,not dank
7di5dr,not dank
61y9e0,not dank
51xh6y,not dank
6gsgbt,not dank
6rcqoy,not dank
7c6adh,not dank
87uub2,not dank
7gc3d4,not dank
6tlmfx,not dank
75q7wl,not dank
6tpk84,not dank
6974vw,not dank
70eioe,not dank
5wny1r,not dank
6mgoer,not dank
6dcsmi,not dank
63k6mh,not dank
76901u,not dank
6skna5,not dank
753vo2,not dank
644p29,not dank
6bgsya,not dank
6viagt,not dank
6h6c7n,not dank
7i5t4m,not dank
7tuynj,not dank
7sddow,not dank
877i5c,not dank
853c5d,not dank
6gdhd9,not dank
83f6o2,not dank
6ky0k1,not dank
6t5y75,not dank
65bak5,not dank
84v0p6,not dank
69e30r,not dank
7tjkur,not dank
5p2s2w,not dank
82nosn,not dank
7hyr1s,not dank
6br0io,not dank
7844po,not dank
7mav5u,not dank
62xfyd,not dank
5rn537,not dank
77cu2p,not dank
5yel0g,not dank
6nkls5,not dank
7374sc,not dank
6u4fiw,not dank
77zd6d,not dank
6r46h4,not dank
6qf53q,not dank
5xvu22,not dank
7t3zx2,not dank
661q07,not dank
7l7e3a,not dank
63y8xp,not dank
5ts0u0,not dank
71bhoe,not dank
85d2q1,not dank
7456ky,not dank
7teiru,not dank
75kee0,not dank
678jwd,not dank
6csui0,not dank
6r9vcu,not dank
6e0har,not dank
7xpw6y,not dank
6zba5j,not dank
6a19ek,not dank
77ej6x,not dank
64767b,not dank
6fdgy9,not dank
6wajqo,not dank
7xvc6j,not dank
66913o,not dank
6cf95j,not dank
6zlxbe,not dank
77wi8r,not dank
6fwq54,not dank
6r5mz9,not dank
6cyyt6,not dank
88e54b,not dank
6twqdf,not dank
742v3o,not dank
82sf0q,not dank
6y1k4f,not dank
6l5imf,not dank
5jlwgs,not dank
7eh5w0,not dank
5jaxz2,not dank
5t6d83,not dank
7z5lq3,not dank
7n2ewb,not dank
7z2iak,not dank
87k0gf,not dank
5zesak,not dank
60em7d,not dank
6tf4id,not dank
7tlc4i,not dank
6ldhi7,not dank
63nedn,not dank
82357s,not dank
7x9fnv,not dank
7wodlf,not dank
66ovxk,not dank
79c3jl,not dank
881q6s,not dank
7gzgbv,not dank
7z71yd,not dank
7120qu,not dank
7qst8m,not dank
8a0t3u,not dank
7zzpep,not dank
6xaphx,not dank
865b08,not dank
6sfus9,not dank
6xr0lb,not dank
71xtda,not dank
7s3kj1,not dank
7olfdw,not dank
6mzc54,not dank
5w3nru,not dank
73jmgo,not dank
7gtpm0,not dank
7roky9,not dank
81e9m9,not dank
7bgtxg,not dank
65cb4b,not dank
67x5wd,not dank
5sduvp,not dank
7ydwav,not dank
7d8wwt,not dank
7q0yxn,not dank
84m2zj,not dank
5a5l42,not dank
6hleny,not dank
79ro8y,not dank
5ju0by,not dank
7phnmp,not dank
6da72h,not dank
8bd7cl,not dank
6hwupi,not dank
7fxmbq,not dank
6rwm41,not dank
7i0pep,not dank
7l0vfp,not dank
7iqgpq,not dank
859ryk,not dank
7pxzx0,not dank
65xxek,not dank
6s929y,not dank
5wvail,not dank
6kq4ct,not dank
7wwy4g,not dank
77do2c,not dank
7ubo0z,not dank
7g8rvt,not dank
7o6q8o,not dank
5xmf1w,not dank
6dnmtl,not dank
66yyve,not dank
65i1da,not dank
6z7zyr,not dank
7iimpi,not dank
87xf9q,not dank
5soyis,not dank
7nk0zt,not dank
7wq7q4,not dank
6j0vae,not dank
76uwb3,not dank
8543iv,not dank
56qdez,not dank
6mt9hn,not dank
5cvoe1,not dank
6q394h,not dank
70ts7w,not dank
6zt5g9,not dank
6zeefg,not dank
68gtkq,not dank
6abve7,not dank
8a8wpc,not dank
621plf,not dank
6lln8d,not dank
5gf6j8,not dank
64dn4g,not dank
6z4tfz,not dank
6q2pbf,not dank
6lmlsh,not dank
5pm1ag,not dank
7csa3y,not dank
81x87z,not dank
7iummf,not dank
8a4hrz,not dank
5v689g,not dank
6fuiba,not dank
6vqvy7,not dank
6p0nwj,not dank
7y7qhh,not dank
6o6f22,not dank
7mkihv,not dank
5zitbt,not dank
7yyyje,not dank
5kd1cs,not dank
885ajo,not dank
5urj4x,not dank
82u4xv,not dank
6nevka,not dank
76ehfk,not dank
7u8yfp,not dank
7b2foi,not dank
6wy4j9,not dank
7o5ctm,not dank
7h5vl2,not dank
80gpw5,not dank
6n8afl,not dank
5qt70v,not dank
5y7fcn,not dank
62sqm9,not dank
6eluve,not dank
6v3gsj,not dank
67sija,not dank
7oi2bw,not dank
7jmu7l,not dank
6fl53a,not dank
818wxe,not dank
6x0o64,not dank
7ia8ck,not dank
7zdsqd,not dank
6h0lq4,not dank
5y977j,not dank
75i7uh,not dank
7n1j0x,not dank
7eyfx8,not dank
6zde3s,not dank
7qnyh1,not dank
6ytqbj,not dank
5ohhca,not dank
6az12t,not dank
7utqot,not dank
8bjwxl,not dank
7fzk5p,not dank
7a2gdw,not dank
896dj6,not dank
7jldqz,not dank
6hgevb,not dank
7vv93y,not dank
76k484,not dank
6teyix,not dank
61qspl,not dank
6gkhya,not dank
7930bl,not dank
5wyv29,not dank
6e78d6,not dank
8ba611,dank
7oxw23,dank
7u5qcz,dank
89swch,dank
89yqke,dank
770g4h,dank
7w8yau,dank
7lswh6,dank
7ri0bi,dank
7oiz72,dank
82928s,dank
8c1qa5,dank
7vmol7,dank
7mv7vy,dank
8b1ova,dank
7k1yon,dank
7vz59p,dank
7hyyka,dank
7zbqar,dank
7wxoxo,dank
84c77w,dank
86aqse,dank
7i5tk7,dank
7mefns,dank
824se7,dank
7qzz1u,dank
7k6xae,dank
7v7kq5,dank
7jxeix,dank
7x88fk,dank
7djh2n,dank
7jnlcd,dank
7repqv,dank
6lmfot,dank
7bg6no,dank
83deug,dank
7zojp5,dank
6zk93p,dank
7g10xb,dank
82kapc,dank
7ky1c2,dank
7ufumh,dank
7c7ndi,dank
8bjka0,dank
7wioon,dank
8bfn44,dank
7v3v40,dank
7ehypp,dank
72ritv,dank
86690i,dank
7coc6m,dank
89nxd5,dank
7saixk,dank
7nd7qr,dank
81g42s,dank
861fhz,dank
70s4nk,dank
7e1ei4,dank
8c6778,dank
7e79v0,dank
80ppdt,dank
6uiwov,dank
89cz8s,dank
65utsz,dank
6skts2,dank
71nlyp,dank
7f23mo,dank
7d401q,dank
6eg8zh,dank
7knqo3,dank
7t2j12,dank
7zg9x2,dank
7tsjvs,dank
7zxjo1,dank
7sw4tn,dank
7aee7l,dank
7aa1mf,dank
7roc9a,dank
7puhoh,dank
7dxpxt,dank
84ibm0,dank
8a8hkh,dank
80yxbc,dank
6pvi1m,dank
85h57f,dank
742hob,dank
7l1cue,dank
7pe7uz,dank
76j5vk,dank
6htom4,dank
86tb6x,dank
7tf1qc,dank
8bvet6,dank
7gznqx,dank
81zk80,dank
8ag558,dank
7ureks,dank
7j5wsn,dank
88e9xj,dank
84ql3l,dank
84mn8q,dank
7eqxcd,dank
6d1ab5,dank
7t5vnh,dank
7xqv7g,dank
8aictb,dank
7cuicc,dank
7ezk1v,dank
5womm2,dank
7ujl93,dank
7nluli,dank
7tk3ia,not dank
6a4zkd,not dank
82o73g,not dank
87ya6w,not dank
69fiar,not dank
7hfz8w,not dank
7wo9dh,not dank
7qitpu,not dank
7ydkc5,not dank
75onyr,not dank
8970ol,not dank
7cbeqr,not dank
78v78c,not dank
7nuogh,not dank
6te5mc,not dank
6knenp,not dank
7gdtp2,not dank
7dakzf,not dank
6ztqpl,not dank
76p702,not dank
8axiyq,not dank
6feflv,not dank
7qomi1,not dank
70dbd2,not dank
881v1w,not dank
67uw7a,not dank
82xmua,not dank
7lvgw2,not dank
6x8f2e,not dank
7uyj75,not dank
7x1ggk,not dank
764rsj,not dank
7vs8mb,not dank
7l8d84,not dank
7p5r3i,not dank
85o7z6,not dank
7n0roh,not dank
6f33ah,not dank
7y5d58,not dank
7mmr7z,not dank
7b5973,not dank
7169op,not dank
83mfpv,not dank
7iq8a9,not dank
80g2gk,not dank
7n84r8,not dank
843g9l,not dank
5yl3ig,not dank
79gkzx,not dank
7zlhwh,not dank
83utge,not dank
85rz6p,not dank
7yhky4,not dank
84v9bg,not dank
7g5usx,not dank
71i805,not dank
79dda4,not dank
7if9qa,not dank
6j0bdi,not dank
7ym9lk,not dank
69n6y7,not dank
805qko,not dank
7m8av1,not dank
7fgamm,not dank
6plovv,not dank
7oobdy,not dank
8amvlk,not dank
6v30cr,not dank
7ty05o,not dank
88if95,not dank
8b5r06,not dank
7qtej0,not dank
7hlqyv,not dank
66h8cq,not dank
81r4x1,not dank
7mjb0q,not dank
76v8yz,not dank
6yesy7,not dank
80echz,not dank
82thtd,not dank
6ohxty,not dank
7ilxxh,not dank
70h3ov,not dank
77wn7x,not dank
8706af,not dank
7h35vf,not dank
5r7vmo,not dank
7rxxan,not dank
6qvdgy,not dank
7loa7x,not dank
681zzn,not dank
7pox2b,not dank
62qebj,not dank
7ksk62,not dank
6jsy9q,not dank
8aq7b2,not dank
7kdmjj,not dank
75ve2n,not dank
795ata,not dank
7b1uzr,not dank
66o9x9,not dank
7lgfw1,not dank
6e96w4,not dank
6j7482,not dank
5vip7r,not dank
7dn9hj,not dank
7z4vhl,not dank
7awe31,not dank
7srvux,not dank
7oca37,not dank
87a9l0,not dank
7ckfcc,not dank
6ss9a5,not dank
81m76s,not dank
86ra59,not dank
6y9gt7,not dank
6h74g8,not dank
7j1taa,not dank
75l8k4,not dank
78m0ek,not dank
7hvnmm,not dank
7f6z11,not dank
6tloib,not dank
78gun7,not dank
847fnz,not dank
8asrnf,not dank
6ura8f,not dank
662rju,not dank
80v1w9,not dank
8abk7r,not dank
7uopnv,not dank
6nmku9,not dank
7362op,not dank
6g6qhc,not dank
6o1qx0,not dank
6qmq1c,not dank
88zu29,not dank
6hlgbr,not dank
7jhulr,not dank
7n3ucg,not dank
6hznxw,not dank
80llwi,not dank
746ua4,not dank
72bdli,not dank
7ztxmg,not dank
7a36t6,not dank
87zhhr,not dank
74woug,not dank
7ibwz7,not dank
7o9qh9,not dank
8bxzhq,not dank
83rijo,not dank
85jvhs,not dank
87ez80,not dank
76auid,not dank
8881kd,not dank
71vb3y,not dank
7cfmbp,not dank
7xc7ro,not dank
7ys3hw,not dank
7hpby2,not dank
7ak982,not dank
7ds19z,not dank
6q832k,not dank
7os1jc,not dank
6gdyy6,not dank
6xe38e,not dank
6heyir,not dank
6dllq2,not dank
6xqxa0,not dank
6cfms2,not dank
67nayj,not dank
6ro5de,not dank
6b9r4t,not dank
65c5u7,not dank
6n9kra,not dank
74n6q8,not dank
6d8wnt,not dank
73tzpe,not dank
7s51jk,not dank
7bkx79,not dank
7c151f,not dank
778qpa,not dank
6xlhtv,not dank
6aqpe6,not dank
7lzdcn,not dank
6axb43,not dank
7bt43q,not dank
64kmpj,not dank
71arqv,not dank
87bui9,not dank
85ta6x,not dank
77efel,not dank
7uvii8,not dank
739j8j,not dank
5oi9ua,not dank
819uk8,not dank
73f0u2,not dank
5vz3ol,not dank
5k32be,not dank
86wtfu,not dank
7iuczt,not dank
7xyoqb,not dank
74t4md,not dank
7m4m1u,not dank
7p8y18,not dank
7ja0du,not dank
7bpk4v,not dank
80c1tb,not dank
7nqmqn,not dank
7sht0r,not dank
6k72kv,not dank
63qxz4,not dank
7jrau9,not dank
830atr,not dank
6b4p6i,not dank
7rwt9s,not dank
6pbi0f,not dank
79140k,not dank
6jlhwc,not dank
77kuyq,not dank
6i5ksd,not dank
6l9ieh,not dank
7wdi8n,not dank
6wqefx,not dank
885fts,not dank
6msu80,not dank
5qmz6x,not dank
6u73n2,not dank
7300vx,not dank
60fet1,not dank
77zi1c,not dank
7gukmp,not dank
756t50,not dank
7hb0hv,not dank
6o7ubb,not dank
7kk1g9,not dank
65infn,not dank
80u0v8,not dank
6m2cuw,not dank
6p5wbm,not dank
7xoxiy,not dank
6f8b9h,not dank
7vv1ca,not dank
7frppz,not dank
6u1gal,not dank
5q9rs5,not dank
7m1nz0,not dank
7o4lby,not dank
5tsg7a,not dank
62j8yk,not dank
775dmo,not dank
7cz6xd,not dank
6akyca,not dank
7en86k,not dank
6emb3n,not dank
7836iy,not dank
70vs05,not dank
71yo3j,not dank
6vl0mu,not dank
6z7u15,not dank
636zxe,not dank
7tj8p4,not dank
7z1rjy,not dank
7gautq,not dank
6rzzcv,not dank
7ddse9,not dank
83plg2,not dank
6mdewc,not dank
7lll3r,not dank
74k64t,not dank
6iplwv,not dank
6fqkkg,not dank
72x9rm,not dank
7jcosd,not dank
6ym28s,not dank
6t8hxx,not dank
7yc681,not dank
85xyng,not dank
77t3l8,not dank
6m6ijv,not dank
7qedta,not dank
6gmq7u,not dank
7evkia,not dank
6rck70,not dank
6vpyfm,not dank
8ay0lv,not dank
7vd50u,not dank
76fxcw,not dank
8axkz9,not dank
787v5p,not dank
6xwho1,not dank
79zqqj,not dank
5qguxu,not dank
6q2p5y,not dank
7by162,not dank
7y086r,not dank
6dfmm4,not dank
7q6azj,not dank
676oto,not dank
649ejf,not dank
6zekf3,not dank
7aiksi,not dank
6dqjle,not dank
6kza63,not dank
723avu,not dank
6sbhhg,not dank
6buq1s,not dank
7ljws9,not dank
6ikbdy,not dank
6zobxz,not dank
6bgbhl,not dank
5x3yov,not dank
6fzxsd,not dank
6s5de8,not dank
6yk4b3,not dank
6lt1hj,not dank
5waw8f,not dank
5zx2ji,not dank
72lsqw,not dank
87q8hy,not dank
786dt8,not dank
6vakeh,not dank
7gqicf,not dank
72666v,not dank
7sn1gw,not dank
68zhl0,not dank
6otjxn,not dank
88y8vq,not dank
64qlrf,not dank
7vblg3,not dank
6le8yw,not dank
6uo0e1,not dank
6ic2ro,not dank
8031wz,not dank
75bbn8,not dank
8agfn5,not dank
6du5oc,not dank
6p0rti,not dank
73lzg1,not dank
6kh3ds,not dank
6w4yg1,not dank
72f8l9,not dank
6ksf25,not dank
6l4lm1,not dank
68jbop,not dank
84yzll,not dank
624dc6,not dank
6lydhn,not dank
61fd62,not dank
6wvp3n,not dank
86k4bm,not dank
878r2b,not dank
7pmvxq,not dank
66v42v,not dank
6gzee7,not dank
7dc403,not dank
6wgrkp,not dank
7plj18,not dank
7f7kk6,not dank
7y2t5y,not dank
6xjqil,not dank
758iwv,not dank
67cln3,not dank
68bi5k,not dank
8anenc,not dank
8bp25n,not dank
6abvxz,not dank
6wlot2,not dank
6eyoec,not dank
61tirk,not dank
7ymtgl,not dank
5z8nia,not dank
60s18n,not dank
5wh2wp,not dank
73oeac,not dank
6w7sd4,not dank
7kbtkt,not dank
886g8g,not dank
695rt5,not dank
8bhgy4,not dank
6z1fbd,not dank
7gt22g,not dank
88c47q,not dank
835bp8,not dank
7053ed,not dank
6yu1x3,not dank
7kg7hl,not dank
711sjn,not dank
6wz6fm,not dank
6104f5,not dank
7xme2b,not dank
7oqoo0,not dank
6kdsps,not dank
6mmsjb,not dank
8bqnpi,not dank
83hg97,not dank
6e02zw,not dank
63ko9o,not dank
7ysowr,not dank
6mj84n,not dank
6hqdv7,not dank
83n300,not dank
81xntr,not dank
7ivcuz,not dank
85l8kv,not dank
5mnly2,not dank
68n19h,not dank
82ehfr,not dank
80mxsp,not dank
701m3b,not dank
7hqv1z,not dank
7zxhgm,not dank
7skvd1,not dank
5vpore,not dank
6oe37l,not dank
5opvb9,not dank
6iuoee,not dank
83mewc,not dank
6oo2kw,not dank
5zrsck,not dank
602zf4,not dank
642grw,not dank
5srumc,not dank
7wp27w,not dank
6ypo89,not dank
6pqm2n,not dank
6t4exa,not dank
5yt12v,not dank
7tz7td,not dank
81npvx,not dank
7c1n8j,not dank
7i413r,not dank
7x3a7w,not dank
88ioqm,not dank
86ckl3,not dank
84nkg1,not dank
85h4v5,not dank
805hum,not dank
872w7m,not dank
696yfo,not dank
7c5fyg,not dank
5xzz65,not dank
7wt3qf,not dank
6xt43t,not dank
63e0tl,not dank
6ox21m,not dank
628vmo,not dank
6nwzsl,not dank
6cnog5,not dank
7zul17,not dank
706pop,not dank
83z7l9,not dank
7ko3er,not dank
7rx9jn,not dank
8b74ih,not dank
7pbhh9,not dank
7fuldi,not dank
8784qz,not dank
880mkn,not dank
88dvr5,not dank
88n07f,not dank
6sfxtn,not dank
7cw9q6,not dank
7es70k,not dank
8065de,not dank
7pi3sn,not dank
5y7wbg,not dank
7vvroe,not dank
68sanu,not dank
75goge,not dank
8az3tp,not dank
82x7ov,not dank
8abe50,not dank
88q398,not dank
84c4lm,not dank
85azfl,not dank
853uun,not dank
7v08v2,not dank
67gure,not dank
5xlmey,not dank
84x6qm,not dank
6c18mu,not dank
81uqyz,not dank
5t53rb,not dank
7fsvqj,not dank
7xy68g,not dank
845gft,not dank
81sqby,not dank
7y5u8l,not dank
86189j,not dank
8a7wqo,not dank
80lty3,not dank
6697tp,not dank
7pp195,not dank
77dcmc,not dank
8bg1iw,not dank
5leyhf,not dank
88aixz,not dank
7s5vtd,not dank
6ieyne,not dank
7zzz49,not dank
7lom7k,not dank
85uqhq,not dank
6nsj26,not dank
85ubqc,not dank
5p861p,not dank
7btrhb,not dank
6ca7pi,not dank
83rsj6,not dank
84earc,not dank
7wmroo,not dank
8ayzpt,not dank
69qkh6,not dank
64x971,not dank
7300ji,not dank
61a889,not dank
8b1pgt,not dank
60m8fp,not dank
7p2xby,not dank
7vf4xa,not dank
8871b5,not dank
8b6q2h,not dank
69bx2f,not dank
80qs3w,not dank
7dsx2w,not dank
85us2j,not dank
833ihe,not dank
6kus6b,not dank
7xy7z8,not dank
84fncd,not dank
88jf9g,not dank
69wvyg,not dank
71rd4g,not dank
8as66c,not dank
86g7ce,not dank
816an7,not dank
815act,not dank
74oi6k,not dank
57y1go,not dank
7d0kbf,not dank
8bi5gb,not dank
7v7iwe,not dank
7ve2pk,not dank
7yd801,not dank
8by5s6,not dank
7xiji5,not dank
7ycugd,not dank
7y8x85,not dank
7yikpr,not dank
7qfguq,not dank
888odi,not dank
81q1jc,not dank
5j6mld,not dank
6bmyep,not dank
7jsbag,not dank
80writ,not dank
7ckzso,not dank
8bm0hc,not dank
85ljmi,not dank
7274go,not dank
5ulmc4,not dank
82qgfz,not dank
87s6i2,not dank
62c346,not dank
5jy6j5,not dank
8b8tzr,not dank
7gc3v6,not dank
80dddd,not dank
5etltn,not dank
81qjgq,not dank
7snc00,not dank
8aygkw,not dank
7uypxt,not dank
7yvhnn,not dank
6gisvm,not dank
7kdqb8,not dank
82hu1q,not dank
870c47,not dank
888vf8,not dank
6ar6jp,not dank
7zgimh,not dank
64dh9i,not dank
80lxqe,not dank
7vdqaq,not dank
7w69ty,not dank
7fb35k,not dank
61l9ti,not dank
7nsswo,not dank
87e4p0,not dank
883wrg,not dank
85e4wk,not dank
81rej8,not dank
7bbx3t,not dank
7perwn,not dank
816r0m,not dank
6bpm0o,not dank
7coybd,not dank
7wt8ej,not dank
817guu,not dank
7vw5ar,not dank
6c4yf5,not dank
8bwh7g,not dank
7uvzo6,not dank
87zx99,not dank
85uvsi,not dank
7yqjpv,not dank
76tbx6,not dank
6ckjmn,not dank
87c229,not dank
83xauq,not dank
7ukwg1,not dank
653bdt,not dank
7tk4ez,not dank
8b8sjp,not dank
7xha05,not dank
7tf518,not dank
5wvf6x,not dank
84x373,not dank
86qzd9,not dank
6wboov,not dank
8a4dza,not dank
8b4vul,not dank
7oscbj,not dank
7ynxio,not dank
7q5gx6,not dank
86k6bi,not dank
6t4ue7,not dank
8aj4wk,not dank
84y4hd,not dank
847hox,not dank
8315w5,not dank
6z90ki,not dank
76e06a,not dank
86l3b0,not dank
8bymy3,not dank
88rflu,not dank
5mt4q8,not dank
7vwl9c,not dank
6t7pak,not dank
8bjae3,not dank
7z6wn5,not dank
87qtoo,not dank
7z0qcj,not dank
8bqxxu,not dank
84z3f7,not dank
6vuuvb,not dank
8au6w5,not dank
84xfm4,not dank
8aqi20,not dank
7je686,not dank
7oesnc,not dank
63e94t,not dank
884jb9,not dank
84nug0,not dank
83p1zj,not dank
6t2pcw,not dank
6cu7k9,not dank
50bm0e,not dank
83d47l,not dank
7xhd7e,not dank
7akjya,not dank
6fl3nn,not dank
81tsp4,not dank
87fijo,not dank
7j26zc,not dank
75bxvi,not dank
85bfny,not dank
6yluby,not dank
852pfn,not dank
805ac2,not dank
85a9cv,not dank
80c6i0,not dank
7x0u8i,not dank
8ai500,not dank
6vz1ie,not dank
7yhwko,not dank
786waa,not dank
5tn9h2,not dank
7v29nx,not dank
87alnc,not dank
83vbli,not dank
8bnuqx,not dank
836ank,not dank
8aqb7v,not dank
82x4jt,not dank
83ogwn,not dank
7o6dzg,not dank
7sn2vn,not dank
7w3s0b,not dank
8b1zf2,not dank
7pmqwx,not dank
7wlb49,not dank
7wtf45,not dank
85zcnv,not dank
84msts,not dank
87kksm,not dank
6mxs5h,not dank
80vbs9,not dank
7e9ts7,not dank
7wp608,not dank
7qetdo,not dank
5yy9nw,not dank
889eaq,not dank
6m9zpb,not dank
7r8c4l,not dank
7ostjp,not dank
8a58p7,not dank
7pot1d,not dank
83zplj,not dank
7t75fl,not dank
6tgyjq,not dank
87iewf,not dank
84zucb,not dank
8c1hc1,not dank
814x99,not dank
8538zz,not dank
877uio,not dank
85carr,not dank
6w5ce0,not dank
84l90o,not dank
7wl1z6,not dank
82tz11,not dank
6vhecf,not dank
7dd698,not dank
73mbq6,not dank
6xtm2u,not dank
7wrw6t,not dank
8au67z,not dank
780cr3,not dank
878quf,not dank
8be4x5,not dank
84z0kc,not dank
61yf19,not dank
85uubg,not dank
86mmio,not dank
7pjjae,not dank
80vnbk,not dank
8717fm,not dank
7v13wq,not dank
848v7f,not dank
8azyu3,not dank
8bzlp5,not dank
87pxlg,not dank
804ft2,not dank
83lred,not dank
879eab,not dank
5x9d94,not dank
822zm2,not dank
7xhb53,not dank
73vt5m,not dank
81da2w,not dank
7nsaqa,not dank
776dz9,not dank
88sauz,not dank
89d3cs,not dank
7mjw12,dank
7cw2m9,dank
78wn2r,dank
76ytpe,dank
71r085,dank
7vfxix,dank
64k96k,dank
4vq7rj,dank
864g97,dank
7qedqv,dank
6vzj7d,dank
6kjfxc,dank
7yfc8y,dank
86dthn,dank
6uiilj,dank
6f7fqc,dank
6jmo02,dank
74jzsh,dank
6zqn3d,dank
6l4ey9,dank
6wmf8d,dank
62gv9z,dank
7o0v92,dank
76ocar,dank
748j9v,dank
7a5ng1,dank
7t7hu0,dank
7rxoz8,dank
7pj8qr,dank
6dg7qn,dank
7sskqk,dank
7f9jbf,dank
7va9or,dank
7oyzhj,dank
703qhj,dank
7775z2,dank
88z4wb,dank
5r5lmf,dank
7rpqda,dank
740qkm,dank
652al9,dank
7zp74r,dank
77flkn,dank
7obllk,dank
7che49,dank
72dhsc,dank
7gegt5,dank
81d0sz,dank
6rg5uo,dank
71oug6,dank
7o58ke,dank
7x6sb2,dank
7os7pg,dank
76802b,dank
7i3nul,dank
7eadxh,dank
7fybgs,dank
7iyyyq,dank
7o7d5t,dank
5tabon,dank
7qlnn8,dank
685bb3,dank
87agu2,dank
6enpol,dank
74ecg8,dank
88vni9,dank
764ipi,dank
6r07wb,dank
6nh3he,dank
6l6vwr,dank
6v50pa,dank
65ryr3,dank
6sme0p,dank
7vuzzg,dank
6tffks,dank
6gm3uv,dank
7maghw,dank
5yv736,dank
6imdp5,dank
6cx554,dank
7yrfk0,dank
6rz7xb,dank
6goraj,dank
6w2q6e,dank
7llg05,dank
6g2uxm,dank
809iqy,dank
80zngm,dank
7ek4z2,dank
5nlru8,dank
76ioq2,dank
87muum,dank
77af67,dank
7m3077,dank
6gszm3,dank
6q6ch7,dank
7185wx,dank
7ncmkx,dank
7yjwqh,dank
70guna,dank
6gzfra,dank
66cfwe,dank
7tejvm,dank
6rtc5m,dank
6ad5xp,dank
7jpj4z,dank
6hzplr,dank
6o8hil,dank
73h5fy,dank
7g9fwv,dank
6zyrr6,dank
84bclj,dank
6ihqvf,dank
81yiw4,dank
7c6x9d,dank
4l0c7e,dank
6hq3vs,dank
5cqpm4,dank
7a36pg,dank
6mvikj,dank
7iele7,dank
7ulthr,dank
6xg16q,dank
5qzkz4,dank
6uw6w8,dank
66gica,dank
6jhbwv,dank
7winvm,dank
7yhaey,dank
573r2d,dank
7ddt8r,dank
80uqm7,dank
6ncsq9,dank
6yz3rm,dank
7sjaqw,dank
6eav46,dank
6yhr9q,dank
84vplt,dank
7vjd2n,dank
84x3vk,dank
7q06lq,dank
4lq0bb,dank
7khts3,dank
69bsd8,dank
73tsez,dank
7timyg,dank
6xw5rl,dank
7r2y1s,dank
7g18cy,dank
6764p6,dank
6k01k7,dank
74ntlx,dank
6c6uaz,dank
6qxjqh,dank
7m1mi2,dank
6aqzdk,dank
66vli6,dank
8bv9fg,dank
63vkec,dank
4zpqce,dank
7x2ktx,dank
7deovx,dank
7836pp,dank
62mlsa,dank
6omqyr,dank
7wkrnu,dank
7vys0s,dank
78amfn,dank
5yz6wc,dank
78pgze,dank
6po94n,dank
71l0xt,dank
72fvsq,dank
753ya6,dank
8bh7wp,dank
79gkbe,dank
89tcq3,dank
70y8m0,dank
7mok51,dank
7jbryf,dank
5h29b2,dank
6a8rj1,dank
61s4cx,dank
6lfnnb,dank
80j49z,dank
6fldhu,dank
6myafs,dank
6u21ll,dank
7yogqq,dank
7m1ec3,dank
6yvyx3,dank
6bsiw7,dank
67b4nk,dank
5pw7mi,dank
4r886i,dank
6x8hy2,dank
5pzeu9,dank
72kbnn,dank
6dpphh,dank
80ee8v,dank
7fexw6,dank
7o78xa,dank
78r5t9,dank
79zju3,dank
7cenf1,dank
4n03j2,dank
7m7rlt,dank
74xhev,dank
6ka1x7,dank
6jjzoj,dank
7w9ssy,dank
7jd8nw,dank
6lvdtd,dank
7m8ji3,dank
5u09ds,dank
6pyc24,dank
81s3n5,dank
75baq9,dank
6s2677,dank
6ofdt6,dank
7kn24f,dank
6euamy,dank
2x430e,dank
8536qs,dank
897ha8,dank
6x4e5g,dank
6e2b09,dank
5arvnc,dank
6m2t39,dank
74fxft,dank
7xr1gm,dank
76c8t3,dank
6lyooe,dank
6ldzxu,dank
7v3zfb,dank
3x3bqx,dank
5lcf3v,dank
6mmhgs,dank
5x6660,dank
5lutf4,dank
7okjj7,dank
7aq9wi,dank
71msvc,dank
8atwtm,dank
77v094,dank
85729m,dank
7vehfc,dank
659xhm,dank
88c04v,dank
862ee9,dank
73be3e,dank
67qn74,dank
701qih,dank
7ifq3x,dank
75ce2o,dank
709zox,dank
63qpp0,dank
5vx25g,dank
6qey7n,dank
7a831r,dank
8205ri,dank
6hsdnb,dank
7tubvl,dank
6586ox,dank
6er5mz,dank
8ailel,dank
53ckgb,dank
8aqs4u,dank
6nxa2m,dank
6dtk6u,dank
82ckwf,dank
7hzxyp,dank
7o2r32,dank
86w5oo,dank
2wod3h,dank
38pgb7,dank
7i7cm5,dank
7xw6ik,dank
6e089k,dank
78tu7j,dank
7yqqal,dank
71fzpo,dank
7uy8hq,dank
6tvaso,dank
56h87o,dank
7d9g0y,dank
7xlte7,dank
6dsbya,dank
5p8buj,dank
7dc49s,dank
798286,dank
7a0mxs,dank
5hhbgx,dank
5bnbyl,dank
7wpqa3,dank
7bp8mm,dank
7uieq2,dank
6yogl2,dank
5nczuh,dank
6b7ndl,dank
716pyi,dank
777ts1,dank
758git,dank
85ndga,dank
6rrnmh,dank
6xzxto,dank
76xa7f,dank
56z1cz,dank
5kk40e,dank
6vldje,dank
6u8r2b,dank
6njmah,dank
6p5utv,dank
68f2vk,dank
6rclfi,dank
6urxrm,dank
5wik1c,dank
870san,dank
6f2j1n,dank
6nmhtd,dank
4yfw74,dank
7ay0mc,dank
6ghzlr,dank
7tdp5w,dank
6y8tln,dank
74at2n,dank
7i8x64,dank
6zpdfc,dank
89fvkn,dank
7ikob3,dank
64leom,dank
6dadub,dank
7j70po,dank
64nsa1,dank
848pin,dank
7rksqc,dank
7bxwy9,dank
79c8ut,dank
6cbdhv,dank
66kh9w,dank
6tg8kb,dank
576tfq,dank
2msrcz,dank
64wync,dank
7zxl6j,dank
79601m,dank
738n0m,dank
64ws31,dank
6tdbs6,dank
8brqcq,dank
6ggaih,dank
6zms7p,dank
6vo1de,dank
7m286y,dank
85q168,dank
5xf809,dank
843a8j,dank
2bvcu7,dank
7ri7l1,dank
64tivo,dank
5mwyzo,dank
4vvxoj,dank
4vn1wc,dank
5xgvo6,dank
6fdrv3,dank
7i5d8q,dank
6bbk1f,dank
6yk1z7,dank
89mokh,dank
76py0q,dank
7284fw,dank
7qoe21,dank
6lb3kn,dank
6orcub,dank
7lvyf8,dank
5u9icj,dank
6ysw9v,dank
7qjbn8,dank
7g5cd6,dank
6fh6e2,dank
8bq9kb,dank
5ofwqz,dank
5wte5s,dank
6y0jc4,dank
663hgx,dank
5yo6pa,dank
2niehv,dank
5wczbq,dank
7vn2yz,dank
822auv,dank
7iifli,dank
6qco48,dank
5eipxx,dank
53szre,dank
6hjfic,dank
4c12i4,dank
7b41hh,dank
7uip8j,dank
60vz1u,dank
6bnnp8,dank
58bgmf,dank
4g5t0v,dank
63xbhs,dank
2ugt2n,dank
5a6lbd,dank
7cyoiy,dank
5fxef2,dank
7rtv42,dank
7mekhr,dank
65qpqo,dank
7aykwe,dank
7w3ecq,dank
7nfqjx,dank
6dj5oc,dank
69onef,dank
6a2p5i,dank
7hiap4,dank
6su32o,dank
6edv89,dank
7kjxl9,dank
6jde19,dank
79fmsf,dank
6fjiu4,dank
5xnclw,dank
2g54cq,dank
6i331m,dank
6oul75,dank
6ef1y9,dank
73nfbs,dank
64n4gv,dank
3o00ad,dank
6ugwfv,dank
51gyvc,dank
5v0pfe,dank
5wnmld,dank
66w5k8,dank
62koca,dank
6ul56t,dank
6mevyv,dank
5j8gyh,dank
6j8o0r,dank
6iku7j,dank
3vurw8,dank
6useh0,dank
6mjkh6,dank
6sfh3q,dank
6o27wc,dank
85tvqa,dank
7ksopm,dank
4ujx4d,dank
7e53pk,dank
7nigfm,dank
69yr11,dank
6b45sk,dank
6dgrzh,dank
57fz1k,dank
5501pr,dank
80n8vu,dank
5jz83w,dank
5rxd0s,dank
79rik3,dank
6osxmt,dank
7ua3ek,dank
67mhh0,dank
2g0uu5,dank
5ww9sg,dank
6zspoi,dank
3bbaa4,dank
67gqq5,dank
7f3ywc,dank
7yx9pf,dank
6zf56f,dank
6n5vol,dank
8006f5,dank
76bdnr,dank
5k9b95,dank
83yt5e,dank
7id5xo,dank
78z67q,dank
6kl3fx,dank
4sz1mn,dank
4o833t,dank
64v3iy,dank
6k8dp2,dank
6s8enf,dank
70l7ei,dank
7ggair,dank
6aig8e,dank
6z87uu,dank
5nt46a,dank
4hvmad,dank
5zopsf,dank
7m52dp,dank
6kmgj8,dank
6vcncj,dank
5zcjpc,dank
34fi1c,dank
7uoaoc,dank
7x8lih,dank
6cj0gt,dank
2dxg4j,dank
6ag0ao,dank
85ksdy,dank
6vvisv,dank
60s83u,dank
2jwc52,dank
62r235,dank
4mkbbr,dank
6kvnv5,dank
674wdr,dank
2x5zai,dank
78ua4j,not dank
7rwp97,not dank
7uhliv,not dank
87get8,not dank
70mjpj,not dank
7xgya2,not dank
7zwca6,not dank
7wz83i,not dank
8bhizo,not dank
7oam47,not dank
6xdgj1,not dank
7fexmn,not dank
8aiynr,not dank
7ox2av,not dank
7ojnao,not dank
83ekzr,not dank
7eqpoq,not dank
86a9px,not dank
7zmvs5,not dank
7xt0ga,not dank
813tnv,not dank
86q5nw,not dank
7hgq0j,not dank
8362n7,not dank
67smjj,not dank
7q2wns,not dank
7r9zam,not dank
6grujq,not dank
7wsmdd,not dank
89nftb,not dank
7u24es,not dank
67fdsq,not dank
7x6imp,not dank
80vtqz,not dank
7yh0rj,not dank
85b7hx,not dank
7l872g,not dank
7d5ms2,not dank
7nlqa7,not dank
7kkyh7,not dank
7a5k95,not dank
8039cx,not dank
7idy33,not dank
8bwsnl,not dank
86zqdp,not dank
8aafmd,not dank
7jpzfc,not dank
7dtqxu,not dank
8aqrd3,not dank
827u5u,not dank
8bccii,not dank
861y5f,not dank
8b1u7r,not dank
7w6u1z,not dank
845ly6,not dank
88b0fm,not dank
84lsjw,not dank
80q27b,not dank
89ac5d,not dank
7i10gv,not dank
6rgn3c,not dank
82zkmi,not dank
89vbg1,not dank
7b6j1z,not dank
6ov3fc,not dank
7ybhka,not dank
762ilz,not dank
7cswz7,not dank
8a4f30,not dank
7yv9xi,not dank
6sy786,not dank
7v0chz,not dank
7fwh9f,not dank
84yba5,not dank
88qqdr,not dank
84bqvl,not dank
6dn5rj,not dank
85rdbi,not dank
7wcxh7,not dank
79ug79,not dank
81rlby,not dank
7srmya,not dank
6qraiw,not dank
7zcu3r,not dank
81cuia,not dank
8bpwl8,not dank
7xop06,not dank
83p8e3,not dank
7pui3d,not dank
7rq6km,not dank
7qj737,not dank
84276b,not dank
8c4c1n,not dank
7nszml,not dank
7xy3lu,not dank
7vmwtj,not dank
7uw4rk,not dank
8bzs5d,not dank
7vkiph,not dank
7vdz2n,not dank
7k6q35,not dank
7wk54n,not dank
7tj6ih,not dank
7bdw6h,not dank
7uqq3i,not dank
7f0nu5,not dank
8afl1a,not dank
8800wt,not dank
89z0p9,not dank
87wnm7,not dank
7goylm,not dank
7yozse,not dank
82e548,not dank
84t01a,not dank
7tpjg5,not dank
88m8ed,not dank
83m7vv,not dank
86khvk,not dank
7n15y3,not dank
73y2a2,not dank
83wup6,not dank
85v18j,not dank
7wofms,not dank
82p1tu,not dank
7q8k2d,not dank
7ta3zq,not dank
7jj3am,not dank
6zy3rm,not dank
7brtso,not dank
77g9al,not dank
7vwfdl,not dank
80l2wj,not dank
7dbs44,not dank
7t3zcv,not dank
7o3ly4,not dank
6dtouw,not dank
5uekip,not dank
758pm2,not dank
7m8ojm,not dank
6togaj,not dank
7z3rzi,not dank
7n7qnh,not dank
8b66pu,not dank
7phtqm,not dank
80hqvb,not dank
83c20w,not dank
88w99w,not dank
7zi4p8,not dank
7xc8om,not dank
6edo8j,not dank
8537j5,not dank
73lhor,not dank
78mpj3,not dank
872jv6,not dank
7hryco,not dank
7lvdhr,not dank
7ttwim,not dank
7p5diy,not dank
7pnjuj,not dank
7m4y65,not dank
6ht583,not dank
76xsjt,not dank
6vx5pd,not dank
7jzk9y,not dank
7vc482,not dank
6x626v,not dank
7iulf9,not dank
83p89a,not dank
7w3er2,not dank
87sd8p,not dank
7m1014,not dank
72k64m,not dank
7dkni2,not dank
7mdw63,not dank
7mvaxw,not dank
7msepc,not dank
854bsp,not dank
6fc28u,not dank
81z6d9,not dank
8c0hms,not dank
5ziik0,not dank
89hnsh,not dank
807ztp,not dank
7p77q5,not dank
600s65,not dank
7ydfb7,not dank
7vscl8,not dank
751l49,not dank
617lqz,not dank
7e34s1,not dank
654uru,not dank
7z7y2s,not dank
85415v,not dank
7qzywt,not dank
84v18j,not dank
70wgqy,not dank
7jembg,not dank
6rqte3,not dank
7h1wy8,not dank
6e6ffk,not dank
7focr7,not dank
7s4utp,not dank
7qnqxc,not dank
857294,not dank
8433t9,not dank
86wayp,not dank
6wbw3w,not dank
6nfgj0,not dank
8bgpsw,not dank
68z7up,not dank
896rq3,not dank
6qarbe,not dank
791wn2,not dank
75oaa0,not dank
7ilx2c,not dank
6y6mbo,not dank
7g4g6f,not dank
7qbgep,not dank
72e8md,not dank
6ms6r0,not dank
7lgpay,not dank
7gcw56,not dank
7haxl3,not dank
79o037,not dank
7nc30x,not dank
7uphc0,not dank
8a0ppz,not dank
7r582e,not dank
86hsqq,not dank
73dseo,not dank
77uuur,not dank
8908oe,not dank
81cfzm,not dank
84u0b9,not dank
7kysl9,not dank
8c6k50,not dank
6yyh2q,not dank
7vx9dy,not dank
7v8n73,not dank
79koa9,not dank
6d8uwg,not dank
7v6p4f,not dank
7ngkcn,not dank
88wdk1,not dank
8bfhdc,not dank
867ynj,not dank
7ynr1g,not dank
7cxmht,not dank
81qecl,not dank
713ma3,not dank
7l2chh,not dank
78i2ki,not dank
84su90,not dank
7kgvcx,not dank
6fmyne,not dank
8208m9,not dank
7j5bcc,not dank
87op4x,not dank
7c7vc6,not dank
84cmm7,not dank
76i091,not dank
7873q9,not dank
79ft5n,not dank
7rhnd1,not dank
7cfknv,not dank
85pjwp,not dank
7qu2we,not dank
7teh4j,not dank
82w6lm,not dank
799ynr,not dank
6n95et,not dank
7xy3pj,not dank
83p7yy,not dank
72yhfh,not dank
677vt7,not dank
7ua97k,not dank
82lt3r,not dank
81cgoc,not dank
75uzjo,not dank
84qz41,not dank
5yf0vj,not dank
7mgslw,not dank
8btxp7,not dank
8c30hr,not dank
6t89z5,not dank
6v0ttt,not dank
76r4v9,not dank
6qz3u0,not dank
768s8p,not dank
7ilgg3,not dank
7018c6,not dank
6mf5r9,not dank
74uj30,not dank
86tspq,not dank
75he00,not dank
695yf3,not dank
8b6v78,not dank
6rzcjl,not dank
7pwq7c,not dank
7ksoks,not dank
803a0p,not dank
8bpxie,not dank
891an6,not dank
84u0td,not dank
626ec6,not dank
74muva,not dank
64pf0c,not dank
71kt9k,not dank
7sycrm,not dank
86lolr,not dank
8c5obq,not dank
796l3m,not dank
88sqmd,not dank
6wiy6z,not dank
62s484,not dank
6l6jbv,not dank
7cbh1v,not dank
82rde5,not dank
7h62yh,not dank
8bnhu4,not dank
6n297c,not dank
6z7dwg,not dank
84s989,not dank
8ajt81,not dank
8bz8t1,not dank
782334,not dank
7wc6ix,not dank
7leo29,not dank
735p0m,not dank
7qs2j1,not dank
7vmwg7,not dank
77mfyd,not dank
83p8gj,not dank
6z1fsd,not dank
5z4cr2,not dank
7sgbjp,not dank
7zg61x,not dank
6vijkj,not dank
6leqbs,not dank
85w05m,not dank
84am2u,not dank
6ptndk,not dank
7wh3i9,not dank
7sbbwt,not dank
5xvvtv,not dank
7tzxbu,not dank
748gte,not dank
6k8zrt,not dank
71x1u1,not dank
7szctf,not dank
68sueg,not dank
6w3zoq,not dank
7fa9am,not dank
6ugry3,not dank
87txrx,not dank
6uotwz,not dank
85x7k2,not dank
6dyhpc,not dank
6asfm0,not dank
81w9vk,not dank
6yerwl,not dank
8c0u4i,not dank
6r45yj,not dank
7qv13b,not dank
7ac0k9,not dank
65spo9,not dank
7xymri,not dank
7r8r08,not dank
83ekls,not dank
6pdpsq,not dank
7azv5c,not dank
7wf5n3,not dank
6tku8h,not dank
7awy3m,not dank
64vt66,not dank
7glldk,not dank
7an4ev,not dank
7qcx81,not dank
7jijda,not dank
6jla9o,not dank
84v6vx,not dank
744o0r,not dank
7aykgj,not dank
8c59br,not dank
857k07,not dank
81cgum,not dank
86tb44,not dank
6f6ihm,not dank
7c2req,not dank
81cgxo,not dank
7o7hn8,not dank
764v2u,not dank
6ljn0r,not dank
6kr5az,not dank
7vt5yg,not dank
7qk5na,not dank
6bv1z3,not dank
7ytmnz,not dank
85805u,not dank
89dnlq,not dank
6okecr,not dank
6px4z9,not dank
7qc66j,not dank
6u9nv0,not dank
6eqb2o,not dank
89nf29,not dank
7ekdlc,not dank
6xvfxt,not dank
8agvye,not dank
7y7u1z,not dank
7eh6wn,not dank
76c7tg,not dank
6xkfxw,not dank
6f1n9w,not dank
7lwlp8,not dank
6g0b1s,not dank
6ya7q0,not dank
7cppoy,not dank
880ys1,not dank
83emg7,not dank
8c18nd,not dank
7lrcs4,not dank
87u89b,not dank
71qpl2,not dank
7072l2,not dank
6zet3p,not dank
83el8n,not dank
6kxtnr,not dank
81dcyo,not dank
7v6v38,not dank
81evgp,not dank
73ryqw,not dank
6itnqe,not dank
81vpb0,not dank
72tsx3,not dank
7yow1z,not dank
6gk6aq,not dank
6vdalk,not dank
73josi,not dank
746ldz,not dank
813ssk,not dank
7tjxar,not dank
7rk58e,not dank
6hdsrr,not dank
71de5f,not dank
6o7qd6,not dank
859fxx,not dank
6ikr0u,not dank
6b3d97,not dank
7z3raa,not dank
6p5t4a,not dank
89i6it,not dank
6zgere,not dank
6rxz8n,not dank
7e7j3t,not dank
7z5pyb,not dank
8369c0,not dank
670iba,not dank
82cyxw,not dank
7phgo0,not dank
74gc2m,not dank
6s4ukh,not dank
7yuvie,not dank
5zdcxz,not dank
89usip,not dank
82010j,not dank
6s8il9,not dank
8bbdty,not dank
8bu51l,not dank
7wk56e,not dank
7ppvqw,not dank
7imuah,not dank
8545a0,not dank
7tcade,not dank
5s0jin,not dank
739mri,not dank
6sslzl,not dank
6tfkzr,not dank
80m4yj,not dank
7eozqa,not dank
867efo,not dank
8b066g,not dank
7va71s,not dank
7xrkzt,not dank
6v4449,not dank
71pwjj,not dank
7rijjs,not dank
7yd52h,not dank
7ftclt,not dank
7ad6jm,not dank
82rf0h,not dank
661ycu,not dank
83elwc,not dank
7teyys,not dank
7xoov2,not dank
7dbzr1,not dank
7844s8,not dank
7zk2o5,not dank
86ftdk,not dank
7zsw0i,not dank
7h9whe,not dank
5xc1bu,not dank
6zayz2,not dank
6ypl81,not dank
7mjcis,not dank
88hcjq,not dank
8bq053,not dank
6nmy28,not dank
7rgyvn,not dank
6akqkh,not dank
7vr4t9,not dank
7azj6a,not dank
7wsm6s,not dank
688ow5,not dank
8a4ek2,not dank
7zwb5o,not dank
8bwsj2,not dank
83p8y2,not dank
6yk5id,not dank
82nc00,not dank
6kmije,not dank
76m13w,not dank
6nrv8i,not dank
6t49od,not dank
8b6kbp,not dank
80q5kn,not dank
7mmnmw,not dank
7kuh9z,not dank
6c3391,not dank
8817ke,not dank
7k57cf,not dank
76cmot,not dank
6cfvxt,not dank
6qgh3m,not dank
7uryha,not dank
82cyqu,not dank
81d6q8,not dank
7y0uz4,not dank
7hbfc3,not dank
6so8mf,not dank
636s4m,not dank
84x7td,not dank
81cg57,not dank
72ilwd,not dank
8b6mnl,not dank
7zmljv,not dank
6op5td,not dank
6j9pi4,not dank
669lzy,not dank
72amem,not dank
8c1zjk,not dank
6a3b74,not dank
861uzv,not dank
7yd50c,not dank
77two4,not dank
6gfixi,not dank
7parsd,not dank
70dtv1,not dank
864c5r,not dank
7vg0gc,not dank
6q7bsq,not dank
69l8rb,not dank
88wops,not dank
7qciek,not dank
7pflwy,not dank
78abru,not dank
6w7os8,not dank
6tvecu,not dank
7f8car,not dank
71ag2y,not dank
6qhjvw,not dank
682ghq,not dank
6d26ic,not dank
7r1fwu,not dank
7lmsom,not dank
7zhi8k,not dank
6p7rmx,not dank
6pghv5,not dank
6wpruy,not dank
69dg7c,not dank
7xo5vs,not dank
730jb8,not dank
70i67t,not dank
7vu58i,not dank
6rbzav,not dank
5nn64d,not dank
7ltar8,not dank
7obl70,not dank
6ytpib,not dank
609oyp,not dank
6hm1a5,not dank
7vp1nc,not dank
7a326f,not dank
83p8ks,not dank
6o05ag,not dank
88liab,not dank
7e04om,not dank
6v9raf,not dank
5rn6c0,not dank
89nh5q,not dank
6po1u4,not dank
6443jo,not dank
7td6mg,not dank
8awy1x,not dank
824mh5,not dank
7vv3jf,not dank
777ymw,not dank
7ytmr6,not dank
7mxv7b,not dank
6zr2d1,not dank
70u2w1,not dank
63lg42,not dank
6m1myx,not dank
6llkli,not dank
7dqx7v,not dank
81rklv,not dank
7wa1kp,not dank
7pwlu5,not dank
7b4968,not dank
6zswhs,not dank
62mivr,not dank
7xa2j2,not dank
89zm0w,not dank
7colnv,not dank
6elhmh,not dank
8739q1,not dank
7vwhyi,not dank
7pxhf0,not dank
7pmaxa,not dank
7uywrv,not dank
72ulh4,not dank
6ujfx7,not dank
822835,not dank
74sbot,not dank
876xdh,not dank
82hp24,not dank
5y1bvy,not dank
6jzznd,not dank
6i1gnx,not dank
79pyg8,not dank
81rl7c,not dank
6oj3qx,not dank
80nma3,not dank
7xy33f,not dank
7p3ymq,not dank
70afiw,not dank
66vnlg,not dank
82gpmu,not dank
87ulnx,not dank
60fydv,not dank
8a4jv7,not dank
6ymik2,not dank
7tlx6r,not dank
6et3wn,not dank
6bgslx,not dank
6bo414,not dank
7z7qby,not dank
7p8rr7,not dank
6cmto4,not dank
80395m,not dank
7c0877,not dank
67nxwc,not dank
5yt7j8,not dank
88fpmv,not dank
7z3pkr,not dank
792q03,not dank
720uni,not dank
81y6a9,not dank
7yghnm,not dank
6izzgq,not dank
65ohp4,not dank
83p7ov,not dank
7q8v7d,not dank
6gzkgy,not dank
6h5tlt,not dank
87x93l,not dank
6te9fv,not dank
6o8hwf,not dank
6frw6o,not dank
6wtj4n,not dank
7wk4vz,not dank
6lswby,not dank
5zwgmm,not dank
7zaftt,not dank
7whlev,not dank
7ehd4y,not dank
7s8hsr,not dank
7hxpge,not dank
6y0hku,not dank
8bzumg,not dank
6kei76,not dank
6cu0j6,not dank
7ls5jz,not dank
7xymra,not dank
7qub7a,not dank
6hyns7,not dank
6a5x8z,not dank
7xy43u,not dank
7n2o6p,not dank
79bv3h,not dank
81cg2m,not dank
63rabg,not dank
5en86y,not dank
7zd9ua,not dank
7sby4u,not dank
8433g4,not dank
7h0598,not dank
7it05h,not dank
6i6e7o,not dank
6dgau7,not dank
7h00r9,not dank
6apqws,not dank
7eanhd,not dank
79seiu,not dank
63fdis,not dank
6e25c5,not dank
813u7o,not dank
7kf3ph,not dank
6wxhek,not dank
7k09z1,not dank
5hpyd4,not dank
88avgn,not dank
81h6t0,not dank
7hnx4g,not dank
7y79j2,not dank
7ppov5,not dank
7ey3yp,not dank
6plpr3,not dank
6zxb4c,not dank
6xq2zu,not dank
6mdhpg,not dank
898yia,not dank
7ljjyu,not dank
7buz0j,not dank
701ec1,not dank
6x23n6,not dank
84c224,not dank
7z3nlc,not dank
776r5g,not dank
625203,not dank
7qcyv5,not dank
7jy1s0,not dank
6zuk0s,not dank
7tmien,not dank
68l3qe,not dank
6lum6o,not dank
6g9mbh,not dank
66qxv9,not dank
7krkja,not dank
6b4khu,not dank
846dgt,not dank
7kgp7b,not dank
8c4i3b,not dank
6q35gc,not dank
7nbkvy,not dank
6rvhng,not dank
7jbjg0,not dank
6nnb08,not dank
858ywp,not dank
736f87,not dank
6nkdii,not dank
7u0udf,not dank
8bgoej,not dank
6h9blv,not dank
6cgq9p,not dank
62dcv9,not dank
7v7jte,not dank
7v41jx,not dank
6y6m6o,not dank
6qlq5w,not dank
6cn4wg,not dank
8bh2qw,not dank
7g60i6,not dank
6ydocu,not dank
74eutg,not dank
84u0ow,not dank
7haijt,not dank
764zhg,not dank
64cuvf,not dank
6wz5y7,not dank
6ki9sh,not dank
84wj0i,not dank
7zwdgp,not dank
7wh3o3,not dank
7r1j9u,not dank
7pambg,not dank
6m4on7,not dank
5xmw8j,not dank
81gw8w,not dank
7uz140,not dank
6qgmol,not dank
6ic9b0,not dank
6b9goy,not dank
69r6lh,not dank
7vfk8e,not dank
86sr60,not dank
7r0098,not dank
6iidou,not dank
79h4pi,not dank
89hp2e,not dank
7k9fr0,not dank
881lvb,not dank
7g35wc,not dank
805q79,not dank
7y8okz,not dank
734ngt,not dank
8bb8tu,not dank
6gndiv,not dank
83xgkx,not dank
6k6dnn,not dank
7252dy,not dank
88obdj,not dank
845o5g,not dank
6m09ll,not dank
83y3ws,not dank
77zsna,not dank
5x3tz6,not dank
75yit6,not dank
707z6l,not dank
75pd9h,not dank
7j22bj,not dank
7ccobp,not dank
76sw4r,not dank
6uohjx,not dank
6g7079,not dank
61l6x9,not dank
6l1m2u,not dank
876z6t,not dank
86v73h,not dank
7xxs1t,not dank
73u6oo,not dank
66hudv,not dank
5fwtfc,not dank
7y8slj,not dank
7jik6t,not dank
6ns41i,not dank
7wnz50,not dank
71qgl8,not dank
69c3jn,not dank
65vn0c,not dank
7992yt,not dank
7v4ofv,not dank
7dcoel,not dank
6xnoql,not dank
6tubo2,not dank
82gpr3,not dank
7jv8mp,not dank
7xbn0t,not dank
85581h,not dank
8b7b9w,not dank
7egg8m,not dank
7y29xx,not dank
7axuk7,not dank
6uzn9s,not dank
6uuzvv,not dank
7tqedo,not dank
7mid49,not dank
71y7oe,not dank
5szv0l,not dank
83d0uf,not dank
7zl28j,not dank
7qffps,not dank
68n28c,not dank
7zmkyb,not dank
6lca4i,not dank
80u1az,not dank
6kwm86,not dank
7e7loi,not dank
6bbvrv,not dank
73pv87,not dank
6ie00b,not dank
650psz,not dank
5mjv7o,not dank
777dq8,not dank
6i4yfa,not dank
82qtst,not dank
82x7fx,not dank
7rnod5,not dank
7i9499,not dank
68f5yw,not dank
6s53n3,not dank
6b8643,not dank
65euyu,not dank
77rcod,not dank
7jixqm,not dank
7efpd1,not dank
7ayfdf,not dank
7zmm0h,not dank
6y4c5u,not dank
8208vm,not dank
81rkv7,not dank
7pnif2,not dank
61smxz,not dank
82gpvb,not dank
6ax6zi,not dank
7ksggs,not dank
6nmgaw,not dank
7muwv3,not dank
8039qr,not dank
7u0oss,not dank
7cyp7c,not dank
72cln5,not dank
82rds3,not dank
5yz775,not dank
80nl7s,not dank
6sr430,not dank
65d0ky,not dank
7qm4v2,not dank
64j9j3,not dank
6mwl6h,not dank
7cgigc,not dank
65vkr7,not dank
7zn10d,not dank
7p7ghy,not dank
7oq2xz,not dank
7lnqef,not dank
88f6ci,not dank
7sl3bo,not dank
6nv85z,not dank
6fywgb,not dank
7bl5kz,not dank
7ayzfk,not dank
7xy3x6,not dank
8c7t55,not dank
7lgp8j,not dank
776kat,not dank
89sctf,not dank
6qxqao,not dank
6ll67v,not dank
7v0mj7,not dank
7m16wo,not dank
7cy93b,not dank
6fu7xz,not dank
